label,x_center,y_center,width,height
10,583.003311,243.775898,69.044952,50.542747
10,437.526245,194.674061,17.292816,18.267952
30,164.103821,260.733185,32.974487,33.419907
30,397.933899,157.703552,23.751709,40.080582
20,627.927185,156.350220,61.937866,67.512222
20,369.481659,223.495895,95.699829,94.627228
