label,x_center,y_center,width,height
10,584.535110,238.234261,70.006195,50.818054
10,437.728210,190.591183,17.381317,18.357262
30,158.620483,243.815338,34.028091,33.921951
30,397.907227,147.545944,24.040436,40.773689
20,627.927185,156.350220,61.937866,67.512222
20,369.481659,223.495895,95.699829,94.627228
