label,x_center,y_center,width,height
10,586.689194,230.112125,71.237152,51.208153
10,438.002441,184.761845,17.508270,18.476982
30,155.853683,235.281006,34.564667,34.170563
30,397.893982,142.504837,24.183716,41.119514
20,627.927185,156.350220,61.937866,67.512222
20,369.481659,223.495895,95.699829,94.627228
