label,x_center,y_center,width,height
10,583.004044,243.774784,69.046173,50.541969
10,437.533691,194.652660,17.293182,18.273781
30,164.095612,260.707886,32.976028,33.420654
30,397.933899,157.702667,23.751740,40.080658
20,627.927185,156.350220,61.937866,67.512222
20,369.481659,223.495895,95.699829,94.627228
