label,x_center,y_center,width,height
10,583.003922,243.774784,69.045929,50.541969
10,437.528259,194.655670,17.293213,18.269287
30,164.096024,260.709106,32.975952,33.420624
30,397.933899,157.702682,23.751740,40.080658
20,627.927185,156.350220,61.937866,67.512222
20,369.481659,223.495895,95.699829,94.627228
