label,x_center,y_center,width,height
10,582.999207,243.793797,69.042725,50.547173
10,437.526062,194.690189,17.292419,18.267693
30,164.110901,260.755066,32.973099,33.419266
30,397.933929,157.714844,23.751404,40.079819
20,627.927185,156.350220,61.937866,67.512222
20,369.481659,223.495895,95.699829,94.627228
