label,x_center,y_center,width,height
10,583.004089,243.774910,69.046326,50.541916
10,437.540009,194.650429,17.293152,18.279053
30,164.095551,260.707733,32.976028,33.420670
30,397.933899,157.702667,23.751740,40.080658
20,627.927185,156.350220,61.937866,67.512222
20,369.481659,223.495895,95.699829,94.627228
