label,x_center,y_center,width,height
10,583.003845,243.774834,69.045776,50.542007
10,437.526794,194.662403,17.293091,18.268196
30,164.098511,260.716797,32.975479,33.420410
30,397.933899,157.702728,23.751740,40.080643
20,627.927185,156.350220,61.937866,67.512222
20,369.481659,223.495895,95.699829,94.627228
