label,x_center,y_center,width,height
10,581.902557,246.480976,66.855469,55.888298
10,437.525940,194.702377,17.292145,18.267563
30,163.089081,257.602020,33.168503,33.513733
30,397.928925,155.805435,23.805664,40.209717
20,627.927185,156.350220,61.937866,67.512222
20,369.481659,223.495895,95.699829,94.627228
