label,x_center,y_center,width,height
10,583.003922,243.774788,69.045929,50.541962
10,437.526978,194.658527,17.293152,18.268257
30,164.096802,260.711609,32.975815,33.420563
30,397.933899,157.702682,23.751740,40.080658
20,627.927185,156.350220,61.937866,67.512222
20,369.481659,223.495895,95.699829,94.627228
