label,x_center,y_center,width,height
10,583.003967,243.774784,69.046021,50.541969
10,437.530762,194.653957,17.293213,18.271370
30,164.095734,260.708221,32.976028,33.420654
30,397.933899,157.702667,23.751740,40.080658
20,627.927185,156.350220,61.937866,67.512222
20,369.481659,223.495895,95.699829,94.627228
