label,x_center,y_center,width,height
10,583.047821,243.799221,69.141846,50.546776
10,437.526001,194.694225,17.292328,18.267632
30,164.112671,260.760529,32.972824,33.419083
30,397.933960,157.718140,23.751312,40.079590
20,627.927185,156.350220,61.937866,67.512222
20,369.481659,223.495895,95.699829,94.627228
