label,x_center,y_center,width,height
10,581.999115,246.214973,67.046509,55.367508
10,437.526001,194.698280,17.292236,18.267563
30,164.114441,260.765991,32.972458,33.418915
30,397.933960,157.721466,23.751221,40.079376
20,627.927185,156.350220,61.937866,67.512222
20,369.481659,223.495895,95.699829,94.627228
