label,x_center,y_center,width,height
10,583.002228,243.777847,69.043213,50.544113
10,437.526123,194.678013,17.292725,18.267860
30,164.105576,260.738647,32.974121,33.419739
30,397.933899,157.705032,23.751678,40.080475
20,627.927185,156.350220,61.937866,67.512222
20,369.481659,223.495895,95.699829,94.627228
