label,x_center,y_center,width,height
10,583.004089,243.774807,69.046265,50.541924
10,437.543213,194.649357,17.293121,18.281715
30,164.095551,260.707733,32.976028,33.420670
30,397.933899,157.702667,23.751740,40.080658
20,627.927185,156.350220,61.937866,67.512222
20,369.481659,223.495895,95.699829,94.627228
