label,x_center,y_center,width,height
10,582.999222,243.782986,69.038605,50.547371
10,437.526123,194.682083,17.292633,18.267807
30,164.107361,260.744141,32.973785,33.419571
30,397.933929,157.708191,23.751587,40.080276
20,627.927185,156.350220,61.937866,67.512222
20,369.481659,223.495895,95.699829,94.627228
