label,x_center,y_center,width,height
10,587.417740,227.345760,71.647369,51.338341
10,438.095337,182.786732,17.551331,18.517616
30,154.911011,232.373611,34.748215,34.254547
30,397.889496,140.799820,24.232178,41.236778
20,627.927185,156.350220,61.937866,67.512222
20,369.481659,223.495895,95.699829,94.627228
