label,x_center,y_center,width,height
10,583.004211,243.774761,69.046509,50.541969
10,437.552917,194.647888,17.292694,18.285660
30,164.095551,260.707672,32.976059,33.420670
30,397.933899,157.702667,23.751740,40.080658
20,627.927185,156.350220,61.937866,67.512222
20,369.481659,223.495895,95.699829,94.627228
