label,x_center,y_center,width,height
10,583.003784,243.774910,69.045715,50.542068
10,437.526611,194.666306,17.292969,18.268097
30,164.100266,260.722260,32.975159,33.420242
30,397.933899,157.702789,23.751740,40.080643
20,627.927185,156.350220,61.937866,67.512222
20,369.481659,223.495895,95.699829,94.627228
