label,x_center,y_center,width,height
10,583.003616,243.775185,69.045380,50.542236
10,437.526428,194.670174,17.292908,18.268021
30,164.102020,260.727722,32.974808,33.420044
30,397.933899,157.702972,23.751740,40.080643
20,627.927185,156.350220,61.937866,67.512222
20,369.481659,223.495895,95.699829,94.627228
