label,x_center,y_center,width,height
10,583.004196,243.774788,69.046539,50.541870
10,437.553040,194.647877,17.292664,18.285683
30,164.095551,260.707672,32.976059,33.420670
30,397.933899,157.702667,23.751740,40.080658
20,627.927185,156.350220,61.937866,67.512222
20,369.481659,223.495895,95.699829,94.627228
