label,x_center,y_center,width,height
10,582.998627,243.788425,69.039551,50.547417
10,437.526093,194.686138,17.292542,18.267784
30,164.109131,260.749573,32.973465,33.419403
30,397.933899,157.711517,23.751495,40.080032
20,627.927185,156.350220,61.937866,67.512222
20,369.481659,223.495895,95.699829,94.627228
