label,x_center,y_center,width,height
10,587.000000,227.000000,70.000000,50.000000
10,437.500000,182.500000,17.000000,17.000000
30,154.500000,231.500000,33.000000,33.000000
30,397.500000,140.000000,23.000000,40.000000
20,627.000000,138.000000,62.000000,2.000000
20,369.000000,224.500000,94.000000,91.000000
