label,x_center,y_center,width,height
10,581.000000,246.000000,66.000000,54.000000
10,437.000000,194.500000,16.000000,17.000000
30,163.000000,257.000000,32.000000,32.000000
30,397.500000,155.500000,23.000000,39.000000
20,627.000000,138.000000,62.000000,2.000000
20,369.000000,224.500000,94.000000,91.000000
