label,x_center,y_center,width,height
10,584.500000,238.000000,69.000000,50.000000
10,437.000000,190.000000,16.000000,18.000000
30,158.500000,243.500000,33.000000,33.000000
30,397.500000,147.000000,23.000000,40.000000
20,627.000000,138.000000,62.000000,2.000000
20,369.000000,224.500000,94.000000,91.000000
